日期,价格,手数,占比%,主动买,主动卖
2026-08-14,32.93,2322,0.85,,
2026-08-14,32.94,1890,0.69,,
2026-08-14,32.96,591,0.22,,
2026-08-14,32.97,4791,1.75,,
2026-08-14,32.98,1955,0.71,,
2026-08-14,32.99,1393,0.51,,
2026-08-14,33.0,2482,0.90,,
2026-08-14,33.01,776,0.28,,
2026-08-14,33.02,3604,1.31,,
2026-08-14,33.03,5983,2.18,,
2026-08-14,33.04,1135,0.41,,
2026-08-14,33.05,3858,1.41,,
2026-08-14,33.06,3952,1.44,,
2026-08-14,33.07,563,0.21,,
2026-08-14,33.09,2674,0.97,,
2026-08-14,33.1,5508,2.01,,
2026-08-14,33.11,5605,2.04,,
2026-08-14,33.12,6902,2.52,,
2026-08-14,33.13,2559,0.93,,
2026-08-14,33.14,2861,1.04,,
2026-08-14,33.15,9674,3.53,,
2026-08-14,33.16,1764,0.64,,
2026-08-14,33.17,4007,1.46,,
2026-08-14,33.18,5470,1.99,,
2026-08-14,33.19,6953,2.53,,
2026-08-14,33.2,11038,4.02,,
2026-08-14,33.21,3319,1.21,,
2026-08-14,33.22,2104,0.77,,
2026-08-14,33.23,5890,2.15,,
2026-08-14,33.24,2273,0.83,,
2026-08-14,33.25,1075,0.39,,
2026-08-14,33.26,11783,4.29,,
2026-08-14,33.27,9271,3.38,,
2026-08-14,33.28,5687,2.07,,
2026-08-14,33.29,4033,1.47,,
2026-08-14,33.3,3264,1.19,,
2026-08-14,33.31,2255,0.82,,
2026-08-14,33.32,2397,0.87,,
2026-08-14,33.33,2681,0.98,,
2026-08-14,33.34,2746,1.00,,
2026-08-14,33.35,7282,2.65,,
2026-08-14,33.36,1400,0.51,,
2026-08-14,33.38,5293,1.93,,
2026-08-14,33.39,3512,1.28,,
2026-08-14,33.4,3048,1.11,,
2026-08-14,33.41,17605,6.42,,
2026-08-14,33.42,7411,2.70,,
2026-08-14,33.43,6372,2.32,,
2026-08-14,33.44,3263,1.19,,
2026-08-14,33.45,6134,2.24,,
2026-08-14,33.46,6937,2.53,,
2026-08-14,33.47,2320,0.85,,
2026-08-14,33.48,2988,1.09,,
2026-08-14,33.49,1884,0.69,,
2026-08-14,33.5,14893,5.43,,
2026-08-14,33.51,7897,2.88,,
2026-08-14,33.52,1667,0.61,,
2026-08-14,33.53,2704,0.99,,
2026-08-14,33.58,7263,2.65,,
2026-08-14,33.66,5464,1.99,,
2026-08-17,33.53,544,0.13,,
2026-08-17,33.55,4698,1.15,,
2026-08-17,33.66,2374,0.58,,
2026-08-17,33.71,5655,1.38,,
2026-08-17,33.81,2408,0.59,,
2026-08-17,33.82,3002,0.73,,
2026-08-17,33.83,3345,0.82,,
2026-08-17,33.84,1408,0.34,,
2026-08-17,33.89,2579,0.63,,
2026-08-17,33.9,6659,1.63,,
2026-08-17,33.92,1191,0.29,,
2026-08-17,33.93,1173,0.29,,
2026-08-17,33.96,2145,0.52,,
2026-08-17,33.99,5064,1.24,,
2026-08-17,34.0,1872,0.46,,
2026-08-17,34.02,8152,1.99,,
2026-08-17,34.04,3283,0.80,,
2026-08-17,34.05,3840,0.94,,
2026-08-17,34.06,5277,1.29,,
2026-08-17,34.08,3571,0.87,,
2026-08-17,34.09,1580,0.39,,
2026-08-17,34.1,9080,2.22,,
2026-08-17,34.11,2731,0.67,,
2026-08-17,34.14,1240,0.30,,
2026-08-17,34.15,2816,0.69,,
2026-08-17,34.16,2636,0.64,,
2026-08-17,34.18,1680,0.41,,
2026-08-17,34.19,3294,0.80,,
2026-08-17,34.2,9589,2.34,,
2026-08-17,34.21,2865,0.70,,
2026-08-17,34.22,3401,0.83,,
2026-08-17,34.23,3918,0.96,,
2026-08-17,34.24,5259,1.29,,
2026-08-17,34.25,2494,0.61,,
2026-08-17,34.26,4325,1.06,,
2026-08-17,34.27,4272,1.04,,
2026-08-17,34.28,1358,0.33,,
2026-08-17,34.3,6263,1.53,,
2026-08-17,34.32,4508,1.10,,
2026-08-17,34.33,5244,1.28,,
2026-08-17,34.35,2150,0.53,,
2026-08-17,34.36,4735,1.16,,
2026-08-17,34.37,5468,1.34,,
2026-08-17,34.38,6225,1.52,,
2026-08-17,34.39,2453,0.60,,
2026-08-17,34.4,963,0.24,,
2026-08-17,34.43,737,0.18,,
2026-08-17,34.44,2996,0.73,,
2026-08-17,34.46,2805,0.69,,
2026-08-17,34.47,6509,1.59,,
2026-08-17,34.48,7763,1.90,,
2026-08-17,34.49,2274,0.56,,
2026-08-17,34.5,5869,1.43,,
2026-08-17,34.51,2134,0.52,,
2026-08-17,34.52,2091,0.51,,
2026-08-17,34.53,4388,1.07,,
2026-08-17,34.54,1458,0.36,,
2026-08-17,34.55,511,0.12,,
2026-08-17,34.56,1893,0.46,,
2026-08-17,34.6,985,0.24,,
2026-08-17,34.62,3969,0.97,,
2026-08-17,34.63,3020,0.74,,
2026-08-17,34.64,373,0.09,,
2026-08-17,34.65,2216,0.54,,
2026-08-17,34.66,1415,0.35,,
2026-08-17,34.67,9181,2.24,,
2026-08-17,34.68,4721,1.15,,
2026-08-17,34.69,6892,1.68,,
2026-08-17,34.7,903,0.22,,
2026-08-17,34.71,5110,1.25,,
2026-08-17,34.72,8024,1.96,,
2026-08-17,34.73,2284,0.56,,
2026-08-17,34.74,4340,1.06,,
2026-08-17,34.75,640,0.16,,
2026-08-17,34.76,2985,0.73,,
2026-08-17,34.77,2244,0.55,,
2026-08-17,34.78,693,0.17,,
2026-08-17,34.79,2143,0.52,,
2026-08-17,34.8,4801,1.17,,
2026-08-17,34.81,1148,0.28,,
2026-08-17,34.82,2215,0.54,,
2026-08-17,34.84,966,0.24,,
2026-08-17,34.85,1023,0.25,,
2026-08-17,34.87,1777,0.43,,
2026-08-17,34.88,1375,0.34,,
2026-08-17,34.89,2190,0.54,,
2026-08-17,34.9,7494,1.83,,
2026-08-17,34.91,680,0.17,,
2026-08-17,34.92,2041,0.50,,
2026-08-17,34.95,7239,1.77,,
2026-08-17,34.96,1474,0.36,,
2026-08-17,34.97,5457,1.33,,
2026-08-17,34.98,1155,0.28,,
2026-08-17,34.99,7658,1.87,,
2026-08-17,35.0,6938,1.70,,
2026-08-17,35.01,8789,2.15,,
2026-08-17,35.02,4053,0.99,,
2026-08-17,35.03,967,0.24,,
2026-08-17,35.04,6738,1.65,,
2026-08-17,35.05,8608,2.10,,
2026-08-17,35.06,23462,5.73,,
2026-08-17,35.07,4352,1.06,,
2026-08-17,35.08,1047,0.26,,
2026-08-17,35.09,2684,0.66,,
2026-08-17,35.11,7060,1.73,,
2026-08-17,35.13,3288,0.80,,
2026-08-17,35.14,3456,0.84,,
2026-08-17,35.15,6768,1.65,,
2026-08-18,34.18,1931,0.49,,
2026-08-18,34.19,3131,0.80,,
2026-08-18,34.22,1550,0.39,,
2026-08-18,34.23,953,0.24,,
2026-08-18,34.24,4422,1.13,,
2026-08-18,34.25,3451,0.88,,
2026-08-18,34.26,1138,0.29,,
2026-08-18,34.27,2885,0.73,,
2026-08-18,34.28,910,0.23,,
2026-08-18,34.29,3560,0.91,,
2026-08-18,34.3,5160,1.31,,
2026-08-18,34.31,4022,1.02,,
2026-08-18,34.32,6488,1.65,,
2026-08-18,34.33,2425,0.62,,
2026-08-18,34.34,4481,1.14,,
2026-08-18,34.35,4321,1.10,,
2026-08-18,34.36,5701,1.45,,
2026-08-18,34.37,1512,0.38,,
2026-08-18,34.38,4757,1.21,,
2026-08-18,34.39,3434,0.87,,
2026-08-18,34.4,4124,1.05,,
2026-08-18,34.41,789,0.20,,
2026-08-18,34.42,2984,0.76,,
2026-08-18,34.43,8887,2.26,,
2026-08-18,34.44,4828,1.23,,
2026-08-18,34.45,4295,1.09,,
2026-08-18,34.46,5115,1.30,,
2026-08-18,34.47,2483,0.63,,
2026-08-18,34.48,373,0.09,,
2026-08-18,34.49,978,0.25,,
2026-08-18,34.5,4135,1.05,,
2026-08-18,34.51,4269,1.09,,
2026-08-18,34.52,11048,2.81,,
2026-08-18,34.53,2734,0.70,,
2026-08-18,34.54,3597,0.92,,
2026-08-18,34.55,2895,0.74,,
2026-08-18,34.56,1842,0.47,,
2026-08-18,34.57,1321,0.34,,
2026-08-18,34.58,3513,0.89,,
2026-08-18,34.59,2080,0.53,,
2026-08-18,34.6,2537,0.65,,
2026-08-18,34.61,3638,0.93,,
2026-08-18,34.62,796,0.20,,
2026-08-18,34.63,942,0.24,,
2026-08-18,34.64,2537,0.65,,
2026-08-18,34.65,3519,0.90,,
2026-08-18,34.66,3330,0.85,,
2026-08-18,34.67,5368,1.37,,
2026-08-18,34.68,6239,1.59,,
2026-08-18,34.69,975,0.25,,
2026-08-18,34.7,1176,0.30,,
2026-08-18,34.71,7741,1.97,,
2026-08-18,34.73,4794,1.22,,
2026-08-18,34.74,2578,0.66,,
2026-08-18,34.75,1950,0.50,,
2026-08-18,34.76,3139,0.80,,
2026-08-18,34.78,4614,1.17,,
2026-08-18,34.79,1231,0.31,,
2026-08-18,34.8,12236,3.12,,
2026-08-18,34.81,1383,0.35,,
2026-08-18,34.82,3475,0.88,,
2026-08-18,34.84,2245,0.57,,
2026-08-18,34.85,2828,0.72,,
2026-08-18,34.86,2470,0.63,,
2026-08-18,34.88,3306,0.84,,
2026-08-18,34.89,1107,0.28,,
2026-08-18,34.9,1404,0.36,,
2026-08-18,34.92,4730,1.20,,
2026-08-18,34.93,4551,1.16,,
2026-08-18,34.96,965,0.25,,
2026-08-18,34.98,643,0.16,,
2026-08-18,34.99,2072,0.53,,
2026-08-18,35.0,3053,0.78,,
2026-08-18,35.03,2327,0.59,,
2026-08-18,35.06,4581,1.17,,
2026-08-18,35.07,3087,0.79,,
2026-08-18,35.08,1935,0.49,,
2026-08-18,35.09,4090,1.04,,
2026-08-18,35.1,1947,0.50,,
2026-08-18,35.11,4057,1.03,,
2026-08-18,35.12,5677,1.45,,
2026-08-18,35.13,1039,0.26,,
2026-08-18,35.14,2037,0.52,,
2026-08-18,35.15,8058,2.05,,
2026-08-18,35.17,2064,0.53,,
2026-08-18,35.18,2126,0.54,,
2026-08-18,35.19,2209,0.56,,
2026-08-18,35.2,8609,2.19,,
2026-08-18,35.21,7638,1.94,,
2026-08-18,35.22,1923,0.49,,
2026-08-18,35.23,5435,1.38,,
2026-08-18,35.25,3730,0.95,,
2026-08-18,35.27,8841,2.25,,
2026-08-18,35.31,10590,2.70,,
2026-08-18,35.32,4341,1.11,,
2026-08-18,35.33,2254,0.57,,
2026-08-18,35.34,3397,0.86,,
2026-08-18,35.36,16680,4.25,,
2026-08-18,35.38,3875,0.99,,
2026-08-18,35.4,4220,1.07,,
2026-08-18,35.41,3259,0.83,,
2026-08-18,35.43,6117,1.56,,
2026-08-18,35.44,3643,0.93,,
2026-08-18,35.52,5889,1.50,,
2026-08-18,35.55,5014,1.28,,
2026-08-19,31.81,1937,0.40,,
2026-08-19,31.82,4472,0.92,,
2026-08-19,31.83,1929,0.40,,
2026-08-19,31.85,1924,0.40,,
2026-08-19,31.87,1878,0.39,,
2026-08-19,31.88,3905,0.80,,
2026-08-19,31.89,110,0.02,,
2026-08-19,31.9,3946,0.81,,
2026-08-19,31.91,7704,1.58,,
2026-08-19,31.92,1813,0.37,,
2026-08-19,31.94,6759,1.39,,
2026-08-19,31.95,1659,0.34,,
2026-08-19,31.96,7248,1.49,,
2026-08-19,31.97,15362,3.16,,
2026-08-19,31.98,3963,0.81,,
2026-08-19,32.02,3597,0.74,,
2026-08-19,32.03,3489,0.72,,
2026-08-19,32.04,4404,0.91,,
2026-08-19,32.05,5562,1.14,,
2026-08-19,32.06,3769,0.77,,
2026-08-19,32.11,1800,0.37,,
2026-08-19,32.12,1207,0.25,,
2026-08-19,32.13,1336,0.27,,
2026-08-19,32.15,1287,0.26,,
2026-08-19,32.16,6189,1.27,,
2026-08-19,32.17,3922,0.81,,
2026-08-19,32.18,2358,0.48,,
2026-08-19,32.19,6495,1.33,,
2026-08-19,32.2,6442,1.32,,
2026-08-19,32.21,2212,0.45,,
2026-08-19,32.22,1685,0.35,,
2026-08-19,32.23,5443,1.12,,
2026-08-19,32.25,3114,0.64,,
2026-08-19,32.26,2946,0.61,,
2026-08-19,32.27,3466,0.71,,
2026-08-19,32.28,4802,0.99,,
2026-08-19,32.29,8100,1.66,,
2026-08-19,32.3,1677,0.34,,
2026-08-19,32.31,772,0.16,,
2026-08-19,32.32,6997,1.44,,
2026-08-19,32.33,2550,0.52,,
2026-08-19,32.34,761,0.16,,
2026-08-19,32.35,3605,0.74,,
2026-08-19,32.37,1849,0.38,,
2026-08-19,32.38,839,0.17,,
2026-08-19,32.39,1342,0.28,,
2026-08-19,32.4,499,0.10,,
2026-08-19,32.44,2149,0.44,,
2026-08-19,32.45,8436,1.73,,
2026-08-19,32.46,907,0.19,,
2026-08-19,32.47,1470,0.30,,
2026-08-19,32.48,861,0.18,,
2026-08-19,32.5,1700,0.35,,
2026-08-19,32.51,3809,0.78,,
2026-08-19,32.52,1528,0.31,,
2026-08-19,32.53,952,0.20,,
2026-08-19,32.54,1650,0.34,,
2026-08-19,32.55,2058,0.42,,
2026-08-19,32.59,799,0.16,,
2026-08-19,32.61,6589,1.35,,
2026-08-19,32.62,603,0.12,,
2026-08-19,32.64,4340,0.89,,
2026-08-19,32.65,3566,0.73,,
2026-08-19,32.66,2987,0.61,,
2026-08-19,32.67,1823,0.37,,
2026-08-19,32.68,837,0.17,,
2026-08-19,32.69,552,0.11,,
2026-08-19,32.71,1676,0.34,,
2026-08-19,32.73,2800,0.58,,
2026-08-19,32.76,4877,1.00,,
2026-08-19,32.77,5135,1.06,,
2026-08-19,32.78,3265,0.67,,
2026-08-19,32.79,1006,0.21,,
2026-08-19,32.8,542,0.11,,
2026-08-19,32.82,1891,0.39,,
2026-08-19,32.83,3774,0.78,,
2026-08-19,32.84,3082,0.63,,
2026-08-19,32.85,1570,0.32,,
2026-08-19,32.86,4766,0.98,,
2026-08-19,32.87,1067,0.22,,
2026-08-19,32.89,901,0.19,,
2026-08-19,32.9,3162,0.65,,
2026-08-19,32.91,806,0.17,,
2026-08-19,32.94,1059,0.22,,
2026-08-19,32.95,928,0.19,,
2026-08-19,32.96,1189,0.24,,
2026-08-19,32.97,6769,1.39,,
2026-08-19,32.99,10478,2.15,,
2026-08-19,33.0,6710,1.38,,
2026-08-19,33.01,1042,0.21,,
2026-08-19,33.02,352,0.07,,
2026-08-19,33.03,632,0.13,,
2026-08-19,33.05,4404,0.91,,
2026-08-19,33.06,6306,1.30,,
2026-08-19,33.07,3552,0.73,,
2026-08-19,33.09,2020,0.42,,
2026-08-19,33.11,3666,0.75,,
2026-08-19,33.13,2857,0.59,,
2026-08-19,33.14,669,0.14,,
2026-08-19,33.15,3967,0.82,,
2026-08-19,33.16,3532,0.73,,
2026-08-19,33.17,3525,0.72,,
2026-08-19,33.19,771,0.16,,
2026-08-19,33.2,869,0.18,,
2026-08-19,33.21,1931,0.40,,
2026-08-19,33.22,5275,1.08,,
2026-08-19,33.25,7149,1.47,,
2026-08-19,33.31,2482,0.51,,
2026-08-19,33.34,2271,0.47,,
2026-08-19,33.36,4165,0.86,,
2026-08-19,33.41,7348,1.51,,
2026-08-19,33.43,1614,0.33,,
2026-08-19,33.45,20266,4.16,,
2026-08-19,33.46,6988,1.44,,
2026-08-19,33.49,5920,1.22,,
2026-08-19,33.51,4873,1.00,,
2026-08-19,33.57,3223,0.66,,
2026-08-19,33.63,6484,1.33,,
2026-08-19,33.67,1782,0.37,,
2026-08-19,33.7,5799,1.19,,
2026-08-19,33.71,1026,0.21,,
2026-08-19,33.72,1133,0.23,,
2026-08-19,33.73,5527,1.14,,
2026-08-19,33.74,7394,1.52,,
2026-08-19,33.76,1733,0.36,,
2026-08-19,33.8,2484,0.51,,
2026-08-19,33.81,5443,1.12,,
2026-08-19,33.88,5034,1.03,,
2026-08-19,33.89,1627,0.33,,
2026-08-19,33.97,3746,0.77,,
2026-08-19,34.0,2835,0.58,,
2026-08-19,34.02,6626,1.36,,
2026-08-19,34.07,6405,1.32,,
2026-08-19,34.1,3654,0.75,,
2026-08-19,34.11,8053,1.65,,
2026-08-19,34.13,5678,1.17,,
2026-08-19,34.14,3831,0.79,,
2026-08-19,34.15,4436,0.91,,
2026-08-20,31.89,7170,1.86,182,400
2026-08-20,31.9,3175,0.82,165,657
2026-08-20,31.92,1482,0.38,431,387
2026-08-20,31.95,2719,0.70,1130,1992
2026-08-20,31.98,11555,2.99,218,607
2026-08-20,32.03,5003,1.30,865,355
2026-08-20,32.05,4451,1.15,401,289
2026-08-20,32.12,3292,0.85,359,1298
2026-08-20,32.13,1306,0.34,864,1284
2026-08-20,32.14,5005,1.30,1464,415
2026-08-20,32.15,11285,2.92,1475,2017
2026-08-20,32.17,3012,0.78,602,1741
2026-08-20,32.2,2952,0.76,597,1018
2026-08-20,32.22,2688,0.70,319,909
2026-08-20,32.23,1937,0.50,2166,1433
2026-08-20,32.24,12009,3.11,2012,1053
2026-08-20,32.25,2802,0.73,3435,3035
2026-08-20,32.26,2019,0.52,1436,2292
2026-08-20,32.27,1871,0.48,1827,2682
2026-08-20,32.28,7436,1.92,1183,2120
2026-08-20,32.29,2835,0.73,2641,3397
2026-08-20,32.3,6689,1.73,3744,3679
2026-08-20,32.32,1658,0.43,3753,502
2026-08-20,32.33,1559,0.40,2482,761
2026-08-20,32.35,1169,0.30,2005,1412
2026-08-20,32.36,4092,1.06,1241,3238
2026-08-20,32.37,1420,0.37,2532,1653
2026-08-20,32.38,2592,0.67,2765,5135
2026-08-20,32.39,2266,0.59,3530,3049
2026-08-20,32.4,2398,0.62,2019,1130
2026-08-20,32.41,1132,0.29,1677,2642
2026-08-20,32.42,821,0.21,2166,2715
2026-08-20,32.43,6316,1.63,3468,3324
2026-08-20,32.44,3064,0.79,3550,1343
2026-08-20,32.45,787,0.20,4222,2203
2026-08-20,32.46,4382,1.13,3862,2357
2026-08-20,32.47,1562,0.40,2832,1117
2026-08-20,32.48,3652,0.95,3940,2392
2026-08-20,32.49,1847,0.48,2414,3615
2026-08-20,32.5,7022,1.82,3508,5037
2026-08-20,32.52,1753,0.45,3941,1230
2026-08-20,32.53,2279,0.59,1809,1481
2026-08-20,32.54,3411,0.88,1760,1337
2026-08-20,32.56,3060,0.79,2244,160
2026-08-20,32.57,1713,0.44,5229,635
2026-08-20,32.6,3074,0.80,7347,601
2026-08-20,32.62,3613,0.94,439,1613
2026-08-20,32.64,2202,0.57,1149,542
2026-08-20,32.66,1558,0.40,2060,2517
2026-08-20,32.67,2250,0.58,4214,3698
2026-08-20,32.69,713,0.18,1464,2801
2026-08-20,32.7,2903,0.75,1074,2166
2026-08-20,32.71,470,0.12,1715,2823
2026-08-20,32.72,3880,1.00,7027,4047
2026-08-20,32.73,629,0.16,4668,2909
2026-08-20,32.74,2862,0.74,6929,5032
2026-08-20,32.75,3177,0.82,4869,4435
2026-08-20,32.76,3073,0.80,6189,4056
2026-08-20,32.77,768,0.20,2366,3070
2026-08-20,32.79,561,0.15,3345,2461
2026-08-20,32.8,1454,0.38,1774,4867
2026-08-20,32.81,3311,0.86,3265,5895
2026-08-20,32.82,2488,0.64,13107,4990
2026-08-20,32.83,5540,1.43,14175,4800
2026-08-20,32.84,2050,0.53,4229,3647
2026-08-20,32.85,5110,1.32,4008,6070
2026-08-20,32.86,2854,0.74,5681,3049
2026-08-20,32.87,1521,0.39,7655,4763
2026-08-20,32.88,10619,2.75,7181,6363
2026-08-20,32.89,1179,0.31,9052,4427
2026-08-20,32.9,8448,2.19,5353,20526
2026-08-20,32.91,1642,0.43,8479,3041
2026-08-20,32.92,7104,1.84,15544,8734
2026-08-20,32.93,1301,0.34,13702,11663
2026-08-20,32.94,5451,1.41,11829,7974
2026-08-20,32.95,1962,0.51,12588,8713
2026-08-20,32.96,3573,0.92,6987,13564
2026-08-20,32.97,5047,1.31,14407,16963
2026-08-20,32.98,9332,2.42,15346,14885
2026-08-20,32.99,905,0.23,10727,7393
2026-08-20,33.0,7935,2.05,14204,9278
2026-08-20,33.01,2564,0.66,5892,4313
2026-08-20,33.02,2142,0.55,9673,3990
2026-08-20,33.03,1709,0.44,4597,4598
2026-08-20,33.04,1420,0.37,2925,1451
2026-08-20,33.05,6252,1.62,11026,1744
2026-08-20,33.06,753,0.19,6669,2830
2026-08-20,33.07,2570,0.67,3372,2606
2026-08-20,33.09,10207,2.64,3434,6187
2026-08-20,33.1,2940,0.76,1922,1715
2026-08-20,33.11,2681,0.69,7488,2904
2026-08-20,33.14,1823,0.47,4127,1557
2026-08-20,33.15,2977,0.77,965,1170
2026-08-20,33.16,822,0.21,3060,720
2026-08-20,33.2,5017,1.30,1288,2249
2026-08-20,33.21,1599,0.41,1707,3329
2026-08-20,33.22,3627,0.94,3878,3660
2026-08-20,33.24,1850,0.48,1582,3179
2026-08-20,33.25,5893,1.53,3838,4538
2026-08-20,33.26,2876,0.74,5204,2658
2026-08-20,33.27,830,0.21,6332,2828
2026-08-20,33.28,7268,1.88,1489,4125
2026-08-20,33.3,1158,0.30,8567,1659
2026-08-20,33.33,3399,0.88,12868,5781
2026-08-20,33.34,2300,0.60,3255,5063
2026-08-20,33.39,1219,0.32,600,888
2026-08-20,33.43,2138,0.55,2463,1257
2026-08-20,33.45,7944,2.06,2658,1731
2026-08-20,33.46,1742,0.45,120,552
2026-08-20,33.5,10416,2.70,888,1575
2026-08-20,33.56,4962,1.28,0,1932
